name,color
災害,#E41A1C
食品,#E41A1C
安全,#E41A1C
預警,#FFFF33
核四,#FFFF33
存廢,#FFFF33
防阻,#FFFF33
李遠哲,#FFFF33
核電,#FFFF33
鴻源,#FFFF33
水患,#FFFF33
治水,#FFFF33
學界,#FFFF33
損害,#FFFF33
潛藏,#FFFF33
共存,#FFFF33
出線,#FFFF33
素養,#FFFF33
真正,#FFFF33
兩極,#FFFF33
回響,#FFFF33
防救,#FFFF33
排碳,#FFFF33
勞保,#FFFF33
謹慎,#FFFF33
三讀,#FFFF33
防止,#FFFF33
食品安全,#FFFF33
消費者,#FFFF33
塑化劑,#FFFF33
食安,#FFFF33
標示,#FFFF33
產品,#FFFF33
業者,#FFFF33
安心,#FFFF33
黑心,#FFFF33
檢驗,#FFFF33
天然,#FFFF33
超標,#FFFF33
進口,#FFFF33
把關,#FFFF33
有機,#FFFF33
生鮮,#FFFF33
合格,#FFFF33
餐廳,#FFFF33
蔬果,#FFFF33
稽查,#FFFF33
餐飲,#FFFF33
澱粉,#FFFF33
FSI,#FFFF33
農產,#FFFF33
重刑,#FFFF33
奶粉,#FFFF33
認證,#FFFF33
產銷,#FFFF33
履歷,#FFFF33
安心,#FFFF33
健康,#FFFF33
食材,#FFFF33
把關,#FFFF33
保障,#FFFF33
有機,#FFFF33
檢測,#FFFF33
營養,#FFFF33
優惠,#FFFF33
消費者,#FFFF33
天然,#FFFF33
生鮮,#FFFF33
塑化劑,#FFFF33
出包,#FFFF33
登錄,#FFFF33
堅持,#FFFF33
無毒,#FFFF33
品質,#FFFF33
聯盟,#FFFF33
飲食,#FFFF33
百齡,#FFFF33
家樂福,#FFFF33
實驗室,#FFFF33
台糖,#FFFF33
改善,#FFFF33
守護,#FFFF33
飼料,#FFFF33
產銷,#FFFF33
