name,color
文化,#E41A1C
網路,#E41A1C
犯罪,#E41A1C
文創,#FFFF33
中華,#FFFF33
軟體,#FFFF33
數位,#FFFF33
紡織,#FFFF33
時尚,#FFFF33
菁英,#FFFF33
綠能,#FFFF33
LED,#FFFF33
專利,#FFFF33
鋼構,#FFFF33
產學,#FFFF33
觀光,#FFFF33
園區,#FFFF33
創意,#FFFF33
發明,#FFFF33
學院,#FFFF33
上海,#FFFF33
省電,#FFFF33
工藝,#FFFF33
營運,#FFFF33
軟硬,#FFFF33
美食,#FFFF33
崑山,#FFFF33
代工,#FFFF33
犯罪,#FFFF33
駭客,#FFFF33
詐騙,#FFFF33
創意,#FFFF33
文化,#FFFF33
操盤,#FFFF33
商業,#FFFF33
軟體,#FFFF33
心法,#FFFF33
入侵,#FFFF33
文創,#FFFF33
代工,#FFFF33
FBI,#FFFF33
專利,#FFFF33
麗嬰房,#FFFF33
攻擊,#FFFF33
北京,#FFFF33
手機,#FFFF33
自創,#FFFF33
時尚,#FFFF33
營收,#FFFF33
駭客,#FFFF33
網路,#FFFF33
詐騙,#FFFF33
操盤,#FFFF33
商業,#FFFF33
FBI,#FFFF33
入侵,#FFFF33
攻擊,#FFFF33
新視野,#FFFF33
北京,#FFFF33
軟體,#FFFF33
心法,#FFFF33
內需,#FFFF33
代工,#FFFF33
專利,#FFFF33
成熟,#FFFF33
總裁,#FFFF33
革命,#FFFF33
麗嬰房,#FFFF33
手機,#FFFF33
行銷,#FFFF33
